epoch,step,train_loss
12,49,-60.450836181640625
24,99,-63.06822967529297
37,149,-65.40921783447266
49,199,-66.82170104980469
