train_loss,step,epoch
-69.31861114501953,49,12
-1995.0379638671875,99,24
-15995.16796875,149,37
-69738.578125,199,49
