train_loss,epoch,step
-2.413069248199463,12,49
-7.026801109313965,24,99
-14.95751953125,37,149
-27.063114166259766,49,199
