train_loss,epoch,step
-1.206062912940979,12,49
-4.258090972900391,24,99
-10.488077163696289,37,149
-20.45907211303711,49,199
