train_loss,epoch,step
-74.51935577392578,12,49
-1498.7930908203125,24,99
-10686.96875,37,149
-42750.56640625,49,199
