train_loss,epoch,step
-32.85011291503906,6,49
-91.10948944091797,12,99
-201.75070190429688,18,149
-365.6015625,24,199
-606.7973022460938,31,249
-882.9279174804688,37,299
-1220.1590576171875,43,349
-1647.872802734375,49,399
