train_loss,step,epoch
-39.83543395996094,49,12
-57.73890686035156,99,24
-59.111900329589844,149,37
-61.114627838134766,199,49
