train_loss,epoch,step
-3.189781665802002,12,49
-8.776274681091309,24,99
-18.91100311279297,37,149
-33.92753601074219,49,199
