step,train_loss,epoch
49,-11.69362735748291,12
99,-215.7624969482422,24
149,-1381.1929931640625,37
199,-5131.3623046875,49
