train_loss,epoch,step
-5.3139753341674805,12,49
-472.86590576171875,24,99
-5666.49267578125,37,149
-28209.505859375,49,199
