train_loss,epoch,step
-27.05245590209961,12,49
-961.3201904296875,24,99
-8483.7255859375,37,149
-36747.57421875,49,199
