train_loss,epoch,step
-7.060402870178223,12,49
-187.8212432861328,24,99
-1723.313232421875,37,149
-7996.77734375,49,199
