train_loss,epoch,step
-2.4338815212249756,12,49
-6.503206253051758,24,99
-14.094795227050781,37,149
-25.581207275390625,49,199
