train_loss,epoch,step
-20.662296295166016,12,49
-1049.869140625,24,99
-10516.0390625,37,149
-49222.046875,49,199
