epoch,train_loss,step
12,-9.367877960205078,49
24,-166.80245971679688,99
37,-1343.7078857421875,149
49,-5989.2197265625,199
