train_loss,step,epoch
-43.80558395385742,49,12
-229.7716522216797,99,24
-1018.752685546875,149,37
-3578.36767578125,199,49
