train_loss,epoch,step
-25.952327728271484,12,49
-298.6206359863281,24,99
-1559.7991943359375,37,149
-5315.8095703125,49,199
