epoch,train_loss,step
12,-5.894906044006348,49
24,-12.766550064086914,99
37,-23.45421028137207,149
49,-39.395347595214844,199
