train_loss,epoch,step
-62.011749267578125,12,49
-1808.1063232421875,24,99
-14300.9423828125,37,149
-61109.9609375,49,199
