step,train_loss,epoch
49,-3.380646228790283,12
99,-8.069679260253906,24
149,-15.868019104003906,37
199,-28.07794761657715,49
