epoch,train_loss,step
12,21.312788009643555,49
24,14.841352462768555,99
37,8.978656768798828,149
49,-6.5122833251953125,199
