epoch,train_loss,step
12,-1.2802339792251587,49
24,-3.6325955390930176,99
37,-8.7208251953125,149
49,-18.059934616088867,199
