train_loss,epoch,step
-23.545150756835938,12,49
-29.154083251953125,24,99
-34.56836700439453,37,149
-38.8922119140625,49,199
