epoch,train_loss,step
12,-64.71422576904297,49
24,-1845.42724609375,99
37,-14775.2236328125,149
49,-63926.63671875,199
