step,train_loss,epoch
49,-64.43464660644531,12
99,-1418.2230224609375,24
149,-10250.0302734375,37
199,-41863.05859375,49
