step,epoch,train_loss
49,12,-5.224216461181641
99,24,-11.548015594482422
149,37,-21.43043327331543
199,49,-36.126869201660156
