train_loss,epoch,step
-2.553180456161499,12,49
-7.027597427368164,24,99
-15.055503845214844,37,149
-26.79770278930664,49,199
