train_loss,epoch,step
-15.359649658203125,12,49
-1089.4615478515625,24,99
-11044.8115234375,37,149
-50322.0,49,199
