train_loss,epoch,step
-15.574647903442383,12,49
-22.248462677001953,24,99
-27.88809585571289,37,149
-35.09712219238281,49,199
